# RFC 8805 geofeed for AS218883 (Melspectrum Technology Co., Ltd.) - 2a0e:4001:3000::/40
# Canonical: https://melspectrum.com/geofeed.csv
# Generated from wg-enroll addressing.yaml and registry.yaml; do not edit by hand.
# Access entries describe network egress, not users' physical locations.
# Empty location fields withdraw a location claim; use longest-prefix matching.
# prefix,country,region,city,postal
2602:f92a:a463::/48,,,,
2602:f92a:a463:400::/64,US,US-CA,Los Angeles,
2602:f92a:a463:700::/64,US,US-CA,Los Angeles,
2602:f92a:a463:ff00::/64,US,,,
2a0e:4001:3010::/44,US,,,
2a0e:4001:3010::/48,US,US-CA,Los Angeles,
2a0e:4001:3011::/48,US,,,
2a0e:4001:3018::/48,US,US-CA,Los Angeles,
2a0e:4001:3020::/44,HK,,Hong Kong,
2a0e:4001:3021::/48,HK,,Hong Kong,
2a0e:4001:3028::/48,HK,,Hong Kong,
2a0e:4001:3030::/44,GB,,,
2a0e:4001:3031::/48,GB,GB-ENG,London,
2a0e:4001:3038::/48,GB,GB-ENG,London,
2a0e:4001:3040::/44,,,,
2a0e:4001:3042::/48,HK,,Hong Kong,
2a0e:4001:3048::/48,HK,,Hong Kong,
2a0e:4001:30a0::/44,,,,
2a0e:4001:30b0::/44,,,,
